model,normalization,cv_mean,cv_std
LightGBM,per_subject_baseline,75.4737757964078,1.4862912806775177
Stacked,per_subject_baseline,73.5576623694097,1.9989454722069842
LightGBM,global_zscore,72.84849113529927,1.4824120808294678
LightGBM,raw,72.74504175029591,1.4267593299349166
Stacked,raw,69.9472042097679,1.667560764951937
Stacked,global_zscore,69.7357926766507,2.978637809082577
