model,normalization,loso_mean,loso_std
LightGBM,global_zscore,71.56708595387839,9.039779047540076
LightGBM,raw,71.48846960167714,8.707547232903776
Stacked,global_zscore,68.29140461215931,7.762300456017054
Stacked,raw,66.1949685534591,8.700604295057566
LightGBM,per_subject_baseline,35.27253668763102,4.094764147720046
Stacked,per_subject_baseline,35.27253668763101,4.094764147720046
