model,norm,cv_mean,cv_std,loso_mean,loso_std,gap
SimpleMLP,per_subject_baseline,73.92860152591221,1.0046811231791415,34.171907756813404,2.262791734268649,39.75669376909881
SimpleMLP,global_zscore,68.76312979259947,1.48789085328152,68.60587002096436,11.755240611113578,0.15725977163511118
