config,stage1_mean,stage1_std,stage2_mean,stage2_std,combined_mean,combined_std
LightGBM_global_zscore,0.9783805031446542,0.0495307615864295,0.5959119496855345,0.1262186603387424,0.7172431865828091,0.09042535355910196
Stacked_global_zscore,0.9783805031446542,0.0495307615864295,0.5959119496855345,0.1262186603387424,0.7172431865828091,0.09042535355910196
LightGBM_raw,0.9819182389937107,0.04147345746091464,0.5864779874213836,0.1134777833114189,0.7120020964360585,0.08122104565707525
