step,n_features,removed_feature,removed_importance,accuracy_mean,accuracy_std,accuracy_change
0,24,,,74.84128937007874,1.5312320724924164,0.0
1,23,eda_tsallispe,22.0,74.3171751968504,1.497860393652525,-0.524114173228341
