model,norm,cv_mean,cv_std,loso_mean,loso_std,gap
LightGBM,global_zscore,72.16843253049251,1.5688380267632345,71.27882599580711,8.898438859448381,0.8896065346853987
LightGBM,raw,70.25857360660798,1.0264641494155142,70.75471698113206,8.748461206825786,-0.4961433745240811
SimpleMLP,global_zscore,68.76312979259947,1.48789085328152,68.60587002096436,11.755240611113578,0.15725977163511118
Stacked,global_zscore,68.34307614121764,1.7030728180464847,67.13836477987421,9.101330734142742,1.2047113613434277
Stacked,raw,69.39468825587977,0.6873023827785809,67.00733752620545,8.367790660479132,2.387350729674324
Stacked,per_subject_baseline,70.07453778755597,0.9494430645445698,34.85324947589097,3.56162830357065,35.221288311665
LightGBM,per_subject_baseline,73.53449063352375,1.2606164981223602,34.80083857442347,3.308950548776645,38.73365205910027
SimpleMLP,per_subject_baseline,73.92860152591221,1.0046811231791417,34.171907756813404,2.262791734268649,39.75669376909881
