model,normalization,cv_mean,cv_std
LightGBM,per_subject_baseline,75.41871719160105,2.0153046434882627
Stacked,per_subject_baseline,72.33062664041994,2.6065127021154484
LightGBM,global_zscore,68.55852570985445,2.389662839102816
LightGBM,raw,67.66408673347651,2.600245046041908
Stacked,global_zscore,66.93313051777619,1.7359291458286623
Stacked,raw,66.80130786208542,2.9385362404133057
