model,normalization,cv_mean,cv_std,loso_mean,loso_std,cv_loso_gap
Stacked,global_zscore,66.93313051777619,1.7359291458286623,65.72327044025158,14.377600902315743,1.2098600775246098
LightGBM,global_zscore,68.55852570985445,2.389662839102816,64.93710691823897,15.724842688687104,3.6214187916154827
LightGBM,raw,67.66408673347651,2.600245046041908,64.93710691823897,15.359524154933865,2.7269798152375415
Stacked,raw,66.80130786208542,2.9385362404133057,63.88888888888887,13.977703452422604,2.9124189731965515
Stacked,per_subject_baseline,72.33062664041994,2.6065127021154484,33.33333333333332,1.1102230246251565e-14,38.997293307086615
LightGBM,per_subject_baseline,75.41871719160105,2.0153046434882627,32.75681341719077,2.6079361225628364,42.66190377441028
