model,normalization,loso_mean,loso_std
Stacked,global_zscore,65.72327044025158,14.377600902315743
LightGBM,global_zscore,64.93710691823897,15.724842688687104
LightGBM,raw,64.93710691823897,15.359524154933865
Stacked,raw,63.88888888888887,13.977703452422604
Stacked,per_subject_baseline,33.33333333333332,1.1102230246251565e-14
LightGBM,per_subject_baseline,32.75681341719077,2.6079361225628364
