model,cv_accuracy_mean,cv_accuracy_std
XGBoost,75.13277269569245,1.1202702686908206
LightGBM,75.05444264319901,1.0179179220156571
RandomForest,74.52848380165713,1.5561546359056029
Stacked,71.75022676393392,3.01727763482842
