rank,model,loso_accuracy_mean,loso_accuracy_std,loso_balanced_accuracy_mean,loso_balanced_accuracy_std,loso_f1_mean,loso_f1_std,ci_95_lower,ci_95_upper
1,RandomForest,0.6709433962264153,0.13047640740089309,0.771488469601677,0.0906086162506202,0.6698266943884662,0.1306403555825368,0.7473254407977041,0.79565149840565
2,XGBoost,0.6596226415094341,0.13304080149382375,0.7636268343815513,0.09238944548182204,0.6583596838126782,0.13319428280526896,0.7389889034127615,0.7882647653503412
3,LightGBM,0.6490566037735851,0.13000390749960908,0.7562893081761006,0.09028049131917296,0.6467874835990656,0.13103451769077232,0.7322137820015457,0.7803648343506555
