model,loso_balanced_acc,paper1_baseline,improvement_pct,t_statistic,p_value,cohens_d,significant
LightGBM,0.7447589098532496,0.794,-6.201648633092001,-4.664085184365116,2.203803626193215e-05,-0.6467922417446283,True
XGBoost,0.7421383647798743,0.794,-6.531692093214832,-5.389336367381032,1.7397661580029416e-06,-0.7473664851275056,True
RandomForest,0.7418763102725368,0.794,-6.564696439227113,-5.652527984035109,6.772841561261317e-07,-0.7838645954782184,True
