model,loso_balanced_acc,paper1_baseline,improvement_pct,t_statistic,p_value,cohens_d,significant
LightGBM,0.7562893081761006,0.794,-4.749457408551563,-3.040944687686654,0.0036890445061607815,-0.42170315374246375,True
XGBoost,0.7636268343815513,0.794,-3.825335720207647,-2.3933467966438844,0.020339900646613535,-0.3318974844333465,True
RandomForest,0.771488469601677,0.794,-2.835205339839167,-1.8087288147339788,0.07627643813416718,-0.25082555711279103,False
