{
  "timestamp": "2026-01-15T15:35:41.623914",
  "results": {
    "LightGBM": {
      "mean": 75.05444264319901,
      "std": 1.0179179220156571
    },
    "XGBoost": {
      "mean": 75.13277269569245,
      "std": 1.1202702686908206
    },
    "RandomForest": {
      "mean": 74.52848380165713,
      "std": 1.5561546359056029
    },
    "Stacked": {
      "mean": 71.75022676393392,
      "std": 3.01727763482842
    }
  },
  "n_trials": 50
}