config,stage1_mean,stage1_std,stage2_mean,stage2_std,combined_mean,combined_std
Stacked_global_zscore,0.9056603773584906,0.19749887471891955,0.6029874213836478,0.12109382112209262,0.672431865828092,0.16090084372106536
LightGBM_global_zscore,0.9056603773584906,0.19749887471891955,0.6029874213836478,0.12109382112209262,0.672431865828092,0.16090084372106536
LightGBM_raw,0.9052672955974843,0.19732815833592127,0.5864779874213836,0.1134777833114189,0.6609014675052409,0.1571686895973013
